Participant_ID,Condition,Reversals,Reversal_rate,Session_Length_min_sec,Throttle_SD,Throttle_CV
participant_01_RT,A,136,25.062117810381736,5:25,0.14354594180745467,0.272447023019773
participant_01_RT,C,565,50.33893397284073,11:13,0.4610202996489881,1.070692833205621
participant_01_RT,B,643,37.85459244497691,16:59,0.3000346313851765,0.5725026504041094
participant_24_OL,A,205,19.230137847256422,10:39,0.12845838876065122,0.17693412581155452
participant_24_OL,C,1056,59.4184754322047,17:46,0.37916433782135306,0.5682411644784535
participant_24_OL,B,659,45.021246749224595,14:38,0.22281090096955605,0.30590430919845946
participant_10_OL,A,566,70.72009129472328,8:00,0.23378324462023295,0.3372731643762349
participant_10_OL,C,923,63.46070547036323,14:32,0.26862560630976406,0.42119884151695636
participant_10_OL,B,629,42.23299993061881,14:53,0.2415008019599261,0.3806931015870372
participant_11_RT,A,152,25.38120510629771,5:59,0.20062445870302034,0.3532121573361828
participant_11_RT,C,577,66.3454794237027,8:41,0.5498398310972409,1.1755147875838632
participant_11_RT,B,518,40.959355614976786,12:38,0.450319561781892,0.9648415684694421
participant_04_OL,A,234,33.55071199676919,6:58,0.2183834441416628,0.40511344236428143
participant_04_OL,C,510,45.7084814626714,11:09,0.4479433524329561,1.0448864451955264
participant_04_OL,B,159,9.834524334777928,16:10,0.6089141049954632,0.8990112955039975
participant_05_RT,A,18,2.0443820192815507,8:48,0.10016161693490676,0.14704770648987014
participant_05_RT,C,398,32.26407905510023,12:20,0.1856724215639186,0.28676194229311036
participant_05_RT,B,76,5.338478252725434,14:14,0.1077084771921284,0.15139966369676575
participant_15_RT,A,281,27.387691782880253,10:15,0.1799355336762773,0.24087269510992268
participant_15_RT,C,577,44.259610356902236,13:02,0.31517539803232725,0.4973700858614375
participant_15_RT,B,452,24.675003275442915,18:19,0.19699723784246265,0.271080023080922
participant_14_OL,A,577,83.23315862864837,6:55,0.4227607285113369,0.863247031544923
participant_14_OL,C,931,80.38740223202402,11:34,0.6042227426523731,1.0631381644352844
participant_14_OL,B,854,72.02415423626846,11:51,0.28225032966299957,0.4464199241433042
participant_20_OL,A,401,65.30962353318006,6:08,0.25408165880454525,0.4471886952805828
participant_20_OL,C,968,83.7493403009093,11:33,0.41055073138988735,0.6985528943793837
participant_20_OL,B,686,64.11065162028925,10:42,0.25764074732431086,0.3823244833185839
participant_21_RT,A,266,41.37737932893979,6:25,0.21579044384336168,0.36481324295862755
participant_21_RT,C,614,71.52189824243284,8:35,0.24390381331138658,0.4772445420559113
participant_21_RT,B,596,39.56338660819192,15:03,0.2535974193018219,0.4273422362639241
participant_08_OL,A,208,35.37745877590591,5:52,0.387918386509528,0.8342570264481324
participant_08_OL,C,519,50.435683975251855,10:17,0.338893464148184,0.7575212480747833
participant_08_OL,B,211,13.114061256961017,16:05,0.17164490574571933,0.28556116464995296
participant_09_RT,A,221,21.79089613827852,10:08,0.11183468242855489,0.15149075434530823
participant_09_RT,C,703,42.743790597987456,16:26,0.12167584121950756,0.16494014320210984
participant_09_RT,B,528,36.39592981375807,14:30,0.14322273670364405,0.19240395947522643
participant_19_RT,A,542,63.73758616431832,8:30,0.23603413994715833,0.33626618344567594
participant_19_RT,C,667,61.19640344975227,10:53,0.5992218930684307,1.1558515438935812
participant_19_RT,B,930,56.895001192959704,16:20,0.2628016614979995,0.40593697031371634
participant_18_OL,A,32,3.2405117983321485,9:52,0.10359848662267312,0.14414809042814283
participant_18_OL,C,284,26.16848264264818,10:51,0.19833953043986305,0.3152969954713089
participant_18_OL,B,217,17.439360717505128,12:26,0.4785637826057864,0.8261883387124708
participant_07_RT,A,492,64.71413539109085,7:36,0.2715933683108841,0.5435954185382712
participant_07_RT,C,494,51.097809896838974,9:40,0.4833236651372216,1.0565991595203255
participant_07_RT,B,994,56.360495488514324,17:38,0.4464096106346797,0.9167471007714045
participant_06_OL,A,95,15.48938297907031,6:07,0.2229506916977248,0.3923849721657536
participant_06_OL,C,739,43.12415750335053,17:08,0.330535589511055,0.47953380129472667
participant_06_OL,B,131,8.131384973490237,16:06,0.09379451306387995,0.12235692172950444
participant_16_OL,A,83,9.956236542586902,8:20,0.11984872335082636,0.17505575035110119
participant_16_OL,C,457,37.204884667571235,12:17,0.18900881739630085,0.29489759483711364
participant_16_OL,B,87,6.057926309156173,14:21,0.08461628857245161,0.1173871461969282
participant_17_RT,A,215,29.97866634441537,7:10,0.17241345037641043,0.27929190313465124
participant_17_RT,C,516,53.772311775198396,9:35,0.3627825837276602,0.7093805794556127
participant_17_RT,B,411,32.05990756450009,12:49,0.18219277142544182,0.27652054996462877
participant_23_RT,A,617,58.73794341038655,10:30,0.3371564338758037,0.4751483261947475
participant_23_RT,C,927,67.26766532099084,13:46,0.6581882918495008,1.0418579791428553
participant_23_RT,B,874,65.38376178565996,13:22,0.4128717317446356,0.6040614498458555
participant_22_OL,A,307,35.92506055771608,8:32,0.1681297354118399,0.23962722861784597
participant_22_OL,C,784,56.37016407744187,13:54,0.2785361905053477,0.4185540821632888
participant_22_OL,B,166,12.545676465142291,13:13,0.10824600028242598,0.16338193203118967
participant_02_OL,A,64,6.868979580884918,9:19,0.10120750750223559,0.13960942006715854
participant_02_OL,C,457,37.720742694185475,12:06,0.21140350705131813,0.34039265902371446
participant_02_OL,B,155,9.072099781391659,17:05,0.2854980934178966,0.5245137907811365
participant_03_RT,A,91,12.348275651507237,7:22,0.12135340018158824,0.17544105408198948
participant_03_RT,C,330,27.526609055420238,11:59,0.1521493030652191,0.22571373599803649
participant_03_RT,B,120,7.784743200783664,15:24,0.09697101535974281,0.1378322181099167
participant_13_RT,A,94,14.627276758968932,6:25,0.1469566147290702,0.25733111591708485
participant_13_RT,C,394,41.02222384182497,9:36,0.5477815832464179,1.1319026947356925
participant_13_RT,B,349,24.116922155550693,14:28,0.2261129562630689,0.3910756119643311
participant_12_OL,A,164,22.728690120642227,7:12,0.23075226595348564,0.3631668419950377
participant_12_OL,C,610,64.43503153091297,9:28,0.3081846660881888,0.6846758628758557
participant_12_OL,B,348,30.591613678319224,11:22,0.33430636159255533,0.6108189806266251
